,Date,Prices,Comp,Negative,Neutral,Positive
0,2013-12-31,20.036428,0.0,0.0,1.0,0.0
1,2014-01-01,19.895535,0.06958333333333333,0.052333333333333336,0.8623333333333334,0.08533333333333333
2,2014-01-02,19.754641999999993,0.09985833333333333,0.04641666666666666,0.8855416666666667,0.068
3,2014-01-03,19.320715000000003,-0.011772222222222224,0.09811111111111111,0.806,0.09588888888888888
4,2014-01-04,19.373393,0.17018,0.0,0.909,0.091
5,2014-01-05,19.373393,0.144525,0.0465,0.86325,0.09
6,2014-01-06,19.426070999999993,0.11486086956521739,0.056826086956521735,0.82,0.12317391304347824
7,2014-01-07,19.28714400000001,0.19038000000000002,0.05053333333333333,0.8163333333333334,0.13313333333333335
8,2014-01-08,19.409286000000005,0.26722222222222225,0.0,0.8802222222222222,0.11977777777777776
9,2014-01-09,19.161428,0.09818888888888891,0.07255555555555555,0.7991111111111111,0.12822222222222224
10,2014-01-10,19.033571,0.059965384615384636,0.024923076923076923,0.9088846153846153,0.06619230769230769
11,2014-01-11,19.083393,0.2010166666666667,0.018166666666666668,0.8503333333333334,0.1315
12,2014-01-12,19.083393,0.12045,0.0645,0.7879999999999999,0.14725
13,2014-01-13,19.133215000000003,0.11311874999999999,0.019,0.9161874999999999,0.06475
14,2014-01-14,19.513929000000005,0.04686363636363637,0.03781818181818182,0.8857727272727272,0.07645454545454546
15,2014-01-15,19.905713999999993,0.18281351351351355,0.02894594594594595,0.860027027027027,0.11105405405405405
16,2014-01-16,19.794643000000004,0.06659444444444446,0.02033333333333333,0.9153888888888889,0.06427777777777778
17,2014-01-19,19.7021435,0.39546666666666663,0.0,0.8456666666666667,0.15433333333333335
18,2014-01-20,19.7021435,0.33498,0.019,0.7948000000000001,0.1862
19,2014-01-21,19.609644,0.06350769230769229,0.03761538461538461,0.8993076923076924,0.06315384615384616
20,2014-01-22,19.696786999999983,0.16545757575757578,0.03590909090909091,0.8581515151515152,0.10593939393939393
21,2014-01-23,19.863570999999993,0.09236296296296297,0.026851851851851856,0.9075925925925925,0.06555555555555556
22,2014-01-24,19.502501000000013,0.11850540540540541,0.037729729729729725,0.8925135135135136,0.06975675675675676
23,2014-01-25,19.581607,0.2107375,0.0071875,0.8958124999999999,0.09700000000000002
24,2014-01-26,19.581607,0.05962500000000001,0.048312499999999994,0.8734375,0.07825
25,2014-01-27,19.66071299999999,0.11113953488372096,0.02625581395348837,0.8871162790697671,0.0866046511627907
26,2014-01-28,18.08928700000001,0.07611717171717174,0.04246464646464646,0.8861111111111111,0.07142424242424243
27,2014-01-29,17.883928000000004,0.0038216216216216134,0.05889189189189189,0.8784864864864864,0.06264864864864866
28,2014-01-30,17.849285000000005,0.02171904761904762,0.04671428571428572,0.8940476190476188,0.05928571428571428
29,2014-01-31,17.878570999999997,0.149175,0.020625,0.882375,0.0970625
30,2014-02-01,17.895177999999994,0.002866666666666658,0.0502,0.8993333333333332,0.05046666666666666
31,2014-02-02,17.895177999999998,0.20514999999999994,0.042666666666666665,0.82625,0.13108333333333336
32,2014-02-03,17.911785000000005,0.1197157894736842,0.03189473684210526,0.8664210526315788,0.10168421052631578
33,2014-02-04,18.17106999999999,0.12307272727272726,0.03363636363636364,0.8789090909090909,0.08740909090909091
34,2014-02-05,18.306785999999995,0.18071111111111113,0.036333333333333336,0.8430555555555554,0.1206111111111111
35,2014-02-06,18.303927999999992,0.010899999999999996,0.06285714285714286,0.8637142857142857,0.07342857142857143
36,2014-02-07,18.559998999999976,0.14237959183673468,0.035346938775510206,0.8537346938775512,0.11093877551020406
37,2014-02-08,18.726249499999998,0.11555,0.05662500000000001,0.8285625000000001,0.1148125
38,2014-02-09,18.726249499999998,0.33114000000000005,0.0,0.8547,0.14529999999999998
39,2014-02-10,18.892499999999995,0.22838709677419355,0.031000000000000003,0.8260967741935484,0.14293548387096777
40,2014-02-11,19.141430000000007,0.2820944444444445,0.024999999999999998,0.8412222222222223,0.13372222222222221
41,2014-02-12,19.139998999999996,0.25305294117647065,0.018470588235294117,0.8467058823529412,0.13482352941176473
42,2014-02-13,19.443930000000012,0.1626793103448276,0.04472413793103448,0.8436896551724138,0.11158620689655169
43,2014-02-14,19.428213,0.19683529411764705,0.006411764705882353,0.8752941176470588,0.11823529411764705
44,2014-02-15,19.463928000000003,0.25961428571428574,0.02457142857142857,0.8387857142857144,0.13664285714285715
45,2014-02-16,19.463928000000006,0.015725000000000003,0.07629166666666666,0.8299166666666667,0.09379166666666666
46,2014-02-17,19.463928000000003,0.07409375,0.021062499999999998,0.92475,0.05425000000000001
47,2014-02-18,19.499642999999995,0.06031212121212121,0.024484848484848484,0.9073939393939395,0.06812121212121211
48,2014-02-19,19.191786000000004,0.3018916666666667,0.007666666666666666,0.83725,0.15508333333333332
49,2014-02-20,18.969643,0.08764,0.037399999999999996,0.8938666666666665,0.06873333333333333
50,2014-02-21,18.758928000000008,0.021170000000000005,0.061399999999999996,0.8852,0.05345000000000001
51,2014-02-22,18.799998999999996,0.1462285714285714,0.08185714285714286,0.7765714285714286,0.1417142857142857
52,2014-02-23,18.799999,-0.06844444444444445,0.07377777777777778,0.8716666666666666,0.05455555555555555
53,2014-02-24,18.84107,0.18756428571428568,0.03942857142857143,0.8601428571428571,0.10042857142857144
54,2014-02-25,18.644999999999996,0.015179999999999994,0.0509,0.9001499999999998,0.04895
55,2014-02-26,18.476786,0.1951133333333333,0.053,0.8156,0.13146666666666668
56,2014-02-27,18.84535799999999,0.09289655172413794,0.023413793103448273,0.9196206896551724,0.05696551724137931
57,2014-02-28,18.794287000000004,0.13792333333333331,0.028166666666666666,0.8871666666666669,0.08460000000000001
58,2014-03-01,18.821429499999997,-0.003853846153846152,0.03984615384615385,0.9276153846153847,0.032615384615384616
59,2014-03-02,18.821429499999997,0.06767500000000001,0.062875,0.830875,0.10625000000000001
60,2014-03-03,18.848571999999997,-0.011566666666666673,0.04293333333333334,0.9272666666666666,0.0298
61,2014-03-04,18.97285699999999,-0.011952173913043478,0.06708695652173911,0.8578695652173912,0.07508695652173912
62,2014-03-05,19.012857,0.11113333333333332,0.016,0.9276,0.056400000000000006
63,2014-03-06,18.955356999999996,0.0006642857142857125,0.03557142857142857,0.9078571428571429,0.05664285714285715
64,2014-03-07,18.94428599999999,-0.006109090909090892,0.08822727272727272,0.8293181818181818,0.08245454545454546
65,2014-03-08,18.952857999999996,0.13634285714285715,0.039142857142857146,0.8582857142857143,0.10257142857142856
66,2014-03-09,18.952857999999996,0.20448333333333335,0.0,0.8906666666666667,0.10933333333333334
67,2014-03-10,18.961430000000004,0.19911,0.0126,0.8869,0.1005
68,2014-03-11,19.146070000000005,0.06528181818181818,0.02568181818181818,0.9143181818181817,0.06004545454545454
69,2014-03-12,19.164642000000008,0.023543749999999992,0.0524375,0.8952500000000001,0.052312500000000005
70,2014-03-13,18.951786,0.0939923076923077,0.023692307692307693,0.9057692307692308,0.07053846153846154
71,2014-03-14,18.73893,0.10218750000000001,0.0308125,0.872625,0.09656250000000001
72,2014-03-15,18.7755365,0.13777499999999998,0.075,0.79175,0.13324999999999998
73,2014-03-16,18.7755365,0.07508888888888889,0.029666666666666668,0.9148888888888889,0.05544444444444444
74,2014-03-17,18.812142999999995,0.021993750000000003,0.035062499999999996,0.9233124999999999,0.041625
75,2014-03-18,18.978570999999995,-0.03798000000000001,0.054000000000000006,0.8802666666666668,0.06573333333333334
76,2014-03-19,18.973571999999994,-0.013445454545454536,0.0735909090909091,0.8475,0.07881818181818183
77,2014-03-20,18.882143,0.31930000000000003,0.0,0.8802,0.11979999999999999
78,2014-03-21,19.031071,0.05288666666666666,0.021133333333333334,0.9296666666666665,0.0492
79,2014-03-22,19.1439285,-0.024266666666666683,0.07088888888888889,0.8432222222222222,0.08588888888888889
80,2014-03-23,19.1439285,0.059199999999999996,0.0,0.9640000000000001,0.036
81,2014-03-24,19.256785999999998,-0.0023406249999999964,0.06371875,0.8851874999999999,0.05109375
82,2014-03-25,19.463928000000006,-0.005978260869565218,0.041304347826086954,0.9174347826086956,0.04130434782608696
83,2014-03-26,19.277856999999997,0.2379857142857143,0.016142857142857143,0.8479999999999999,0.13580952380952382
84,2014-03-27,19.194999999999997,0.05178333333333334,0.05379166666666666,0.8672916666666666,0.079
85,2014-03-28,19.173571,-0.05381764705882353,0.07594117647058823,0.8796470588235294,0.04441176470588235
86,2014-03-29,19.171429,0.11561428571428571,0.03885714285714286,0.8935714285714286,0.06742857142857142
87,2014-03-30,19.171429,0.0024000000000000054,0.08314285714285716,0.8364285714285715,0.08042857142857143
88,2014-03-31,19.169287,-0.028134999999999986,0.06410000000000002,0.8855000000000001,0.0504
89,2014-04-01,19.344643000000005,0.06410476190476191,0.026047619047619045,0.9123809523809525,0.06157142857142857
90,2014-04-02,19.376784999999995,-0.041929629629629636,0.06870370370370371,0.8928148148148147,0.03848148148148148
91,2014-04-03,19.242500000000003,-0.10089166666666666,0.07879166666666668,0.8773749999999999,0.043833333333333335
92,2014-04-04,18.993569999999995,0.09146111111111112,0.07072222222222223,0.8275555555555555,0.10166666666666667
93,2014-04-05,18.844462999999998,0.08430714285714284,0.017499999999999998,0.9172142857142856,0.0652857142857143
94,2014-04-06,18.844463000000005,-0.048011111111111116,0.06566666666666666,0.8950555555555556,0.03927777777777778
95,2014-04-07,18.695356,-0.005605882352941179,0.044294117647058824,0.8971176470588236,0.05858823529411765
96,2014-04-08,18.69428599999999,0.13295925925925925,0.007814814814814816,0.9174074074074077,0.07477777777777778
97,2014-04-09,18.940001,-0.07424761904761905,0.08223809523809524,0.8937619047619046,0.024
98,2014-04-10,18.695715,0.03657931034482756,0.05624137931034482,0.8673103448275863,0.07644827586206897
99,2014-04-11,18.557501,-0.0399962962962963,0.07855555555555557,0.8668518518518518,0.05462962962962963
100,2014-04-12,18.5944655,0.06482222222222223,0.052000000000000005,0.8693333333333334,0.07866666666666666
101,2014-04-13,18.5944655,0.10644999999999999,0.028666666666666663,0.8996666666666666,0.07166666666666667
102,2014-04-14,18.63143,0.0522470588235294,0.04376470588235294,0.8694117647058823,0.0868235294117647
103,2014-04-15,18.498570999999995,0.12057368421052632,0.03973684210526316,0.8739473684210527,0.08626315789473685
104,2014-04-16,18.536071999999997,0.01391578947368421,0.060315789473684205,0.8748421052631579,0.0648421052631579
105,2014-04-17,18.74785600000001,0.13290869565217395,0.027304347826086955,0.877695652173913,0.095
106,2014-04-18,18.859106999999998,0.06343684210526317,0.04315789473684211,0.8739999999999999,0.0828421052631579
107,2014-04-19,18.859106999999998,0.12304615384615383,0.012,0.8987692307692309,0.08923076923076924
108,2014-04-20,18.859106999999998,0.20778571428571427,0.016071428571428573,0.8717142857142857,0.11221428571428572
109,2014-04-21,18.97035799999999,0.138584,0.02016,0.8897599999999999,0.09004
110,2014-04-22,18.989285999999996,-0.01467391304347826,0.0401304347826087,0.9284782608695652,0.03139130434782609
111,2014-04-23,18.741072000000003,0.09710677966101691,0.02661864406779662,0.9009745762711867,0.07240677966101693
112,2014-04-24,20.27749999999997,0.17171686746987946,0.023289156626506023,0.8706265060240962,0.10609638554216866
113,2014-04-25,20.426429999999993,0.12344736842105263,0.035605263157894744,0.8688684210526318,0.09555263157894736
114,2014-04-26,20.821965500000005,0.21247428571428575,0.020457142857142858,0.8586857142857145,0.12085714285714287
115,2014-04-27,20.8219655,0.07553571428571429,0.048571428571428564,0.8757142857142857,0.07571428571428572
116,2014-04-28,21.21750099999998,0.09896060606060605,0.045242424242424244,0.8826060606060605,0.07215151515151515
117,2014-04-29,21.154642000000003,-0.006223333333333336,0.06826666666666667,0.8677,0.064
118,2014-04-30,21.074641999999994,0.106724,0.03964,0.87524,0.08508
119,2014-05-01,21.124286999999992,0.119675,0.03771875,0.8704375000000001,0.09181249999999999
120,2014-05-02,21.163569999999996,0.14355769230769233,0.024346153846153847,0.8854615384615384,0.09023076923076924
121,2014-05-03,21.313213000000005,0.0700962962962963,0.027444444444444445,0.9117407407407407,0.060814814814814815
122,2014-05-04,21.313212999999998,0.05874999999999999,0.05725,0.86375,0.079
123,2014-05-05,21.46285599999999,0.13436206896551725,0.030482758620689658,0.8494827586206898,0.12003448275862072
124,2014-05-06,21.228929999999995,0.12852258064516128,0.02267741935483871,0.9001290322580645,0.07716129032258062
125,2014-05-07,21.154641999999996,0.056117142857142865,0.02177142857142857,0.9222571428571428,0.055971428571428575
126,2014-05-08,20.999642999999995,0.10911428571428572,0.017714285714285714,0.9229999999999999,0.059357142857142865
127,2014-05-09,20.91214400000001,0.13341627906976747,0.031,0.8750232558139536,0.09397674418604653
128,2014-05-10,21.042322500000004,0.10180909090909095,0.026272727272727277,0.8742727272727273,0.09945454545454545
129,2014-05-11,21.0423225,-0.144875,0.10799999999999998,0.8494999999999999,0.042499999999999996
130,2014-05-12,21.172501000000004,-0.013256249999999997,0.04662499999999999,0.925375,0.028
131,2014-05-13,21.205713,-0.005512499999999997,0.029124999999999998,0.9342499999999999,0.036625
132,2014-05-14,21.209642,0.1392875,0.0,0.926875,0.073125
133,2014-05-15,21.02928500000001,-0.09265714285714284,0.094,0.8515714285714286,0.0545
134,2014-05-16,21.339643000000006,0.05491875,0.0385,0.9041875,0.057312499999999995
135,2014-05-17,21.466072,0.1313111111111111,0.04,0.8648888888888889,0.09522222222222222
136,2014-05-18,21.466072,0.12788666666666668,0.0604,0.8207333333333333,0.1188
137,2014-05-19,21.592500999999988,0.165075,0.04875,0.7975999999999999,0.1537
138,2014-05-20,21.596786000000005,0.09010526315789473,0.01668421052631579,0.9299473684210526,0.05336842105263158
139,2014-05-21,21.653929,0.05993333333333334,0.036476190476190475,0.8880952380952378,0.07547619047619049
140,2014-05-22,21.688213000000005,0.1453090909090909,0.03954545454545454,0.8724090909090908,0.0880909090909091
141,2014-05-23,21.933214000000007,0.12338181818181818,0.0405,0.8554545454545455,0.10404545454545455
142,2014-05-24,22.138571500000005,0.22682857142857143,0.04257142857142857,0.8291428571428571,0.12828571428571428
143,2014-05-25,22.1385715,0.11764000000000001,0.035199999999999995,0.8838000000000001,0.081
144,2014-05-26,22.13857150000001,0.17061538461538464,0.016307692307692308,0.8823076923076923,0.10138461538461539
145,2014-05-27,22.343929,0.17519189189189188,0.023945945945945946,0.8693783783783783,0.10667567567567568
146,2014-05-28,22.286071999999994,0.058068888888888885,0.025288888888888885,0.9316222222222226,0.04308888888888889
147,2014-05-29,22.69214200000001,0.11417272727272727,0.03396363636363636,0.884509090909091,0.08154545454545455
148,2014-05-30,22.607142999999986,0.1578138888888889,0.027111111111111114,0.8713333333333332,0.10152777777777777
149,2014-05-31,22.529464500000003,0.22989047619047623,0.01423809523809524,0.8627619047619048,0.12299999999999998
150,2014-06-01,22.529464499999992,0.19672499999999996,0.028083333333333335,0.8616666666666665,0.11025
151,2014-06-02,22.451786000000016,0.1387442857142857,0.016242857142857142,0.9027714285714286,0.08098571428571429
152,2014-06-03,22.769285,0.08859687499999999,0.030031250000000002,0.9048124999999999,0.06515625000000001
153,2014-06-04,23.02928499999999,0.09010833333333335,0.017055555555555556,0.9109722222222225,0.07197222222222222
154,2014-06-05,23.119642,0.16808750000000003,0.024583333333333336,0.8830833333333334,0.09233333333333332
155,2014-06-06,23.056069999999984,0.21252051282051285,0.022512820512820515,0.8614102564102564,0.11607692307692308
156,2014-06-07,23.24053450000001,0.144315,0.0234,0.89225,0.08435
157,2014-06-08,23.2405345,0.08170000000000001,0.06987499999999999,0.82175,0.10825
158,2014-06-09,23.42499899999999,0.12460833333333333,0.030812500000000003,0.8706666666666666,0.09852083333333332
159,2014-06-10,23.5625,0.05911666666666667,0.03269444444444444,0.9063611111111108,0.060916666666666654
160,2014-06-11,23.465,0.11488620689655171,0.05051724137931034,0.8674482758620691,0.08199999999999999
161,2014-06-12,23.072499999999994,0.262725,0.0243,0.8557,0.12000000000000002
162,2014-06-13,22.820000000000004,0.10877407407407408,0.02603703703703704,0.897,0.07696296296296296
163,2014-06-14,22.9349995,0.11548666666666665,0.0,0.9358666666666667,0.06413333333333333
164,2014-06-15,22.9349995,0.01812999999999999,0.0337,0.9153,0.051000000000000004
165,2014-06-16,23.049999,0.15595555555555554,0.04644444444444444,0.8717777777777778,0.08177777777777778
166,2014-06-18,23.04500000000001,0.061933333333333354,0.08453333333333335,0.8192666666666667,0.09626666666666667
167,2014-06-19,22.964999999999986,0.09798695652173914,0.04891304347826087,0.8533478260869565,0.09769565217391304
168,2014-06-20,22.727501,0.12310625000000001,0.0114375,0.8935,0.09506250000000001
169,2014-06-21,22.7175005,0.01584,0.0432,0.9196000000000002,0.0374
170,2014-06-22,22.7175005,-0.130125,0.06125,0.9195,0.01925
171,2014-06-23,22.707499999999996,0.067628,0.04608,0.89712,0.0568
172,2014-06-24,22.569999999999997,0.2232181818181818,0.050227272727272725,0.8264090909090906,0.12331818181818184
173,2014-06-25,22.589999999999996,0.15033846153846156,0.06638461538461539,0.8162307692307691,0.11738461538461539
174,2014-06-26,22.725000000000005,0.17340624999999998,0.0245625,0.8715624999999999,0.10387500000000001
175,2014-06-27,22.995001,0.15008333333333335,0.026833333333333334,0.8580833333333332,0.11508333333333333
176,2014-06-28,23.113750500000002,0.0,0.0,1.0,0.0
177,2014-06-29,23.113750500000002,0.09888461538461538,0.042692307692307696,0.8635384615384615,0.09376923076923076
178,2014-06-30,23.232499999999998,0.1530466666666667,0.0364,0.8528333333333333,0.11076666666666667
179,2014-07-01,23.379999,0.2863727272727273,0.021863636363636366,0.8146818181818181,0.16345454545454546
180,2014-07-02,23.370001,0.1900219512195122,0.04853658536585366,0.8014878048780487,0.14997560975609758
181,2014-07-03,23.507499999999997,0.15119047619047618,0.0399047619047619,0.8463333333333333,0.11376190476190476
182,2014-07-04,23.75,0.1423142857142857,0.007714285714285714,0.9221428571428572,0.07021428571428572
183,2014-07-05,23.75,0.171,0.033,0.8592857142857143,0.10771428571428572
184,2014-07-06,23.75,0.22517619047619047,0.0,0.8819999999999999,0.11800000000000001
185,2014-07-07,23.99249999999998,0.15646046511627912,0.02583720930232558,0.8696744186046513,0.10451162790697674
186,2014-07-08,23.837499999999995,0.1986294117647059,0.05805882352941177,0.7770588235294117,0.16488235294117648
187,2014-07-09,23.84750000000001,0.04666111111111112,0.04766666666666667,0.8697777777777778,0.08255555555555556
188,2014-07-10,23.76,0.0,0.0,1.0,0.0
189,2014-07-11,23.804999999999993,0.1146846153846154,0.022230769230769228,0.9108846153846154,0.06688461538461539
190,2014-07-12,23.958749500000003,0.08737777777777776,0.025111111111111112,0.9028888888888891,0.072
191,2014-07-13,23.958749500000003,0.07641111111111112,0.03766666666666667,0.8722222222222222,0.0901111111111111
192,2014-07-14,24.112499,0.17782592592592594,0.04029629629629629,0.8309629629629628,0.12874074074074074
193,2014-07-15,23.83000000000001,0.04852162162162166,0.038972972972972975,0.9032702702702703,0.057729729729729735
194,2014-07-16,23.695000000000018,0.1701314285714286,0.019371428571428574,0.8747428571428572,0.10585714285714287
195,2014-07-17,23.27249900000001,0.14385833333333334,0.03244444444444444,0.8638055555555553,0.10374999999999998
196,2014-07-18,23.60750000000001,0.11430500000000002,0.01245,0.9381999999999999,0.04935
197,2014-07-19,23.5462505,0.06415555555555555,0.0488888888888889,0.8740000000000001,0.0771111111111111
198,2014-07-20,23.546250499999992,0.15104444444444443,0.0,0.9245555555555556,0.07544444444444445
199,2014-07-21,23.485001000000008,0.20253000000000002,0.0,0.9016500000000001,0.09835000000000002
200,2014-07-22,23.680000000000007,0.09921594202898551,0.03289855072463768,0.8915942028985505,0.07552173913043479
201,2014-07-23,24.297501000000008,0.051480000000000005,0.025474999999999998,0.9216749999999999,0.05282500000000001
202,2014-07-24,24.25750000000002,0.062007142857142865,0.01938095238095238,0.9191904761904762,0.06142857142857143
203,2014-07-25,24.41750000000001,0.09837096774193549,0.038096774193548386,0.8683225806451612,0.09358064516129032
204,2014-07-26,24.5862495,0.0,0.0,1.0,0.0
205,2014-07-27,24.586249500000005,0.11406666666666666,0.035444444444444445,0.8464444444444444,0.11811111111111111
206,2014-07-28,24.754999,0.09088125,0.022375,0.9240625,0.0535625
207,2014-07-29,24.59499900000001,0.17188125000000004,0.01225,0.872125,0.115625
208,2014-07-30,24.537499999999998,0.019066666666666666,0.036583333333333336,0.9181666666666667,0.04533333333333334
209,2014-07-31,23.89999999999999,0.1146210526315789,0.04626315789473684,0.8715263157894737,0.0821578947368421
210,2014-08-01,24.03249900000002,0.045866666666666674,0.028033333333333334,0.9229333333333334,0.049066666666666675
211,2014-08-02,23.82625000000001,0.127195,0.0066,0.9192500000000001,0.07415000000000001
212,2014-08-03,23.82625,0.061,0.022,0.9155999999999999,0.0626
213,2014-08-07,23.620001,-0.0812,0.06420000000000001,0.9072000000000001,0.028599999999999997
214,2014-08-08,23.684999,0.1674111111111111,0.06188888888888888,0.7734444444444444,0.16455555555555557
215,2014-08-09,23.841249,-0.21122000000000002,0.0854,0.9146000000000001,0.0
216,2014-08-10,23.841249,0.0,0.0,1.0,0.0
217,2014-08-11,23.997499,0.13843333333333332,0.015,0.9191666666666666,0.066
218,2014-08-12,23.992500000000003,0.09108333333333334,0.03,0.8812500000000001,0.08875
219,2014-08-13,24.309999,0.11180666666666667,0.012933333333333333,0.91,0.07706666666666666
220,2014-08-14,24.375,0.05651666666666666,0.024583333333333332,0.9190833333333335,0.056333333333333326
221,2014-08-15,24.495001,0.013984210526315792,0.02531578947368421,0.9343684210526316,0.040315789473684215
222,2014-08-16,24.642501000000006,0.03967777777777778,0.011222222222222224,0.9573333333333333,0.03144444444444445
223,2014-08-17,24.642501000000003,0.6468,0.0,0.731,0.269
224,2014-08-18,24.790001,0.13300833333333337,0.01475,0.9220833333333333,0.06316666666666666
225,2014-08-19,25.132500000000014,0.0534909090909091,0.03393181818181818,0.9038863636363638,0.06215909090909091
226,2014-08-20,25.1425,-0.060370833333333325,0.04825000000000001,0.9329166666666665,0.018833333333333334
227,2014-08-21,25.145000000000003,0.10093333333333333,0.0,0.9522222222222223,0.04777777777777778
228,2014-08-22,25.329999999999995,0.09812727272727274,0.02709090909090909,0.8880909090909089,0.08481818181818182
229,2014-08-23,25.3575,0.09866666666666667,0.0,0.9443333333333334,0.05566666666666667
230,2014-08-24,25.357500000000005,0.03470000000000001,0.030699999999999998,0.9289,0.0404
231,2014-08-25,25.384999999999994,0.09506666666666667,0.023266666666666665,0.8962000000000001,0.08053333333333335
232,2014-08-26,25.2225,-0.009766666666666665,0.04516666666666667,0.8985833333333334,0.05625
233,2014-08-27,25.532499000000012,-0.004114285714285705,0.06952380952380952,0.8636190476190476,0.06685714285714286
234,2014-08-28,25.5625,0.14489523809523808,0.023095238095238096,0.8941904761904763,0.08271428571428571
235,2014-08-29,25.625,0.038061904761904755,0.054476190476190484,0.8805238095238095,0.065
236,2014-08-30,25.7250005,-0.035463636363636364,0.03854545454545454,0.938181818181818,0.023272727272727275
237,2014-08-31,25.7250005,0.2596363636363636,0.0,0.8808181818181818,0.1191818181818182
238,2014-09-01,25.725000499999997,0.049611111111111106,0.03811111111111111,0.9007777777777777,0.061111111111111116
239,2014-09-02,25.825001000000007,0.017992857142857144,0.03553571428571429,0.9055357142857143,0.058928571428571434
240,2014-09-03,24.735001000000004,0.015171428571428568,0.06426190476190477,0.8709285714285713,0.0647857142857143
241,2014-09-05,24.742500000000003,-0.005286363636363637,0.09840909090909093,0.8200454545454545,0.08154545454545455
242,2014-09-06,24.666249999999998,0.16080000000000003,0.03371428571428571,0.8495714285714285,0.11671428571428573
243,2014-09-07,24.66625,0.14464,0.034999999999999996,0.8606,0.1044
244,2014-09-08,24.59,-0.04199999999999999,0.07667857142857142,0.8813928571428571,0.041928571428571426
245,2014-09-09,24.497499000000037,0.11694436619718308,0.029239436619718312,0.8933802816901409,0.07737323943661974
246,2014-09-10,25.25,0.09161298701298701,0.0506883116883117,0.8711168831168831,0.07820779220779221
247,2014-09-11,25.357499999999998,0.08529629629629631,0.05259259259259259,0.8711481481481482,0.07625925925925926
248,2014-09-12,25.41500099999999,0.034969767441860464,0.031488372093023256,0.917279069767442,0.05123255813953489
249,2014-09-13,25.41125,0.08442999999999999,0.0583,0.8791,0.0626
250,2014-09-14,25.41125,0.12379999999999998,0.024166666666666666,0.9216666666666665,0.05416666666666666
251,2014-09-15,25.407499000000016,0.06087599999999999,0.01928,0.9326400000000001,0.048119999999999996
252,2014-09-16,25.215,0.12498620689655174,0.030965517241379307,0.8852068965517241,0.08382758620689655
253,2014-09-17,25.395,0.012833333333333344,0.077,0.8253333333333334,0.09766666666666667
254,2014-09-18,25.447499999999994,0.02540000000000001,0.03255555555555555,0.9097222222222222,0.05777777777777778
255,2014-09-19,25.240000000000006,0.11755,0.046875,0.8731249999999999,0.07995833333333334
256,2014-09-20,25.2524995,0.0975125,0.016,0.929125,0.054875
257,2014-09-21,25.2524995,0.15158,0.0,0.9388,0.0612
258,2014-09-22,25.264998999999992,0.08681333333333334,0.0327,0.9007999999999998,0.06649999999999999
259,2014-09-23,25.66,0.0,0.0,1.0,0.0
260,2014-09-29,25.027499999999996,-0.03729285714285714,0.05135714285714286,0.9176428571428571,0.031
261,2014-09-30,25.1875,0.07024999999999998,0.06164285714285715,0.8482142857142857,0.09014285714285712
262,2014-10-01,24.79500000000001,0.11435882352941178,0.07423529411764707,0.8106470588235295,0.11511764705882353
263,2014-10-02,24.975000000000005,0.07342000000000001,0.06913333333333332,0.8424666666666668,0.0884
264,2014-10-03,24.905001000000002,0.108,0.04118181818181818,0.850090909090909,0.10881818181818183
265,2014-10-04,24.905001,-0.49365000000000003,0.1915,0.744,0.064
266,2014-10-05,24.905001,0.38956666666666667,0.02033333333333333,0.7973333333333333,0.18233333333333332
267,2014-10-06,24.90500099999999,0.024370588235294123,0.08011764705882353,0.8343529411764705,0.08558823529411765
268,2014-10-07,24.6875,0.061646153846153844,0.03130769230769231,0.9132307692307692,0.055461538461538465
269,2014-10-08,25.200001000000004,0.03382962962962962,0.05351851851851852,0.8883703703703704,0.05811111111111112
270,2014-10-09,25.254999,0.0,0.0,1.0,0.0
271,2014-10-10,25.182501,0.20685625000000002,0.036125,0.849,0.11487500000000002
272,2014-10-11,25.067500000000006,0.30939999999999995,0.03166666666666667,0.8476666666666667,0.12066666666666666
273,2014-10-12,25.067500000000003,0.0,0.0,1.0,0.0
274,2014-10-13,24.952498999999992,0.11177999999999999,0.03155,0.88425,0.08420000000000001
275,2014-10-14,24.6875,0.04591428571428573,0.05464285714285714,0.8859285714285713,0.05935714285714285
276,2014-10-15,24.384999999999994,-0.041043750000000004,0.06925,0.8979375,0.0328125
277,2014-10-16,24.065001000000017,0.04280967741935485,0.03661290322580645,0.9104838709677419,0.05293548387096774
278,2014-10-17,24.417500000000004,0.2474533333333334,0.04286666666666667,0.8209333333333333,0.13620000000000002
279,2014-10-18,24.6787505,0.08754285714285713,0.01635714285714286,0.9237142857142857,0.05992857142857143
280,2014-10-19,24.678750499999992,0.17136842105263153,0.013842105263157895,0.8621578947368423,0.124
281,2014-10-20,24.94000099999998,0.049571428571428565,0.034928571428571434,0.9034642857142858,0.061607142857142874
282,2014-10-21,25.61749999999998,0.14087000000000002,0.036925,0.873325,0.089725
283,2014-10-22,25.747498999999994,0.07987272727272728,0.057136363636363645,0.859090909090909,0.08372727272727273
284,2014-10-23,26.207500000000003,-0.04425714285714286,0.06571428571428571,0.8955714285714286,0.038714285714285715
285,2014-10-24,26.305000000000003,-0.06086363636363636,0.07218181818181818,0.8856363636363636,0.04218181818181818
286,2014-10-25,26.291249999999998,0.09165714285714285,0.08585714285714285,0.8197142857142857,0.09428571428571428
287,2014-10-26,26.291249999999998,0.06721999999999996,0.0821,0.8300000000000001,0.0878
288,2014-10-27,26.27749999999999,-0.008586666666666668,0.04079999999999999,0.9188,0.04039999999999999
289,2014-10-28,26.684998999999983,0.09165333333333335,0.043166666666666666,0.8653333333333334,0.09149999999999998
290,2014-10-29,26.834999,0.016386956521739132,0.0591304347826087,0.8655217391304347,0.07534782608695652
291,2014-10-30,26.745000999999995,0.114855,0.04655,0.8497499999999999,0.10364999999999999
292,2014-10-31,27.0,0.04635,0.062,0.8985000000000002,0.0395
293,2014-11-01,27.175000000000004,0.20092500000000002,0.0,0.909125,0.090875
294,2014-11-02,27.175000000000004,0.17259999999999998,0.03177777777777777,0.8671111111111112,0.1011111111111111
295,2014-11-03,27.35000000000001,0.09847058823529413,0.010588235294117647,0.9135882352941177,0.0758235294117647
296,2014-11-04,27.150000000000002,-0.01603333333333332,0.04416666666666667,0.9026666666666667,0.05316666666666667
297,2014-11-05,27.215,0.029466666666666665,0.045111111111111116,0.9171111111111111,0.03777777777777777
298,2014-11-06,27.17499900000001,0.1603894736842105,0.03726315789473684,0.8616315789473683,0.10110526315789474
299,2014-11-07,27.252501,-0.10037499999999998,0.120375,0.802,0.0775
300,2014-11-08,27.230000500000006,0.0,0.0,1.0,0.0
301,2014-11-09,27.23000050000001,0.0059000000000000025,0.056375,0.880625,0.063
302,2014-11-10,27.2075,-0.2732,0.11,0.89,0.0
303,2014-11-24,29.65749900000002,0.12450434782608695,0.015043478260869565,0.8888695652173915,0.09608695652173915
304,2014-11-25,29.400000000000023,0.0723890909090909,0.02876363636363636,0.9001272727272727,0.07110909090909091
305,2014-11-26,29.75,0.11345625,0.012562499999999999,0.9085625000000002,0.07887500000000001
306,2014-11-27,29.741250000000004,-0.0723625,0.093625,0.8728750000000001,0.0335
307,2014-11-28,29.732500000000012,-0.0276076923076923,0.03769230769230769,0.932076923076923,0.03023076923076923
308,2014-11-29,29.25,0.2546,0.021625,0.8504999999999999,0.127875
309,2014-11-30,29.25,0.16187999999999997,0.06739999999999999,0.8312000000000002,0.1014
310,2014-12-01,28.767500000000013,-0.05691935483870968,0.0822258064516129,0.8654838709677422,0.052322580645161286
311,2014-12-02,28.657499,0.08846666666666668,0.03253333333333334,0.8774666666666667,0.08995555555555555
312,2014-12-03,28.9825,0.10640952380952383,0.03785714285714286,0.8749047619047617,0.08728571428571427
313,2014-12-04,28.87249899999999,0.039419047619047624,0.019904761904761908,0.9445238095238095,0.035571428571428566
314,2014-12-05,28.75,0.049809090909090914,0.07500000000000001,0.8350000000000001,0.09000000000000001
315,2014-12-06,28.425,0.13282727272727274,0.03531818181818182,0.8629999999999999,0.10168181818181819
316,2014-12-07,28.425000000000008,0.06666666666666668,0.03916666666666666,0.88375,0.07708333333333334
317,2014-12-08,28.100000000000016,0.14400333333333337,0.018966666666666666,0.8924666666666664,0.08856666666666665
318,2014-12-09,28.53000099999998,0.05708571428571429,0.044142857142857136,0.8884285714285715,0.0674761904761905
319,2014-12-10,27.987499000000003,0.08588260869565219,0.05569565217391304,0.8596956521739129,0.08460869565217392
320,2014-12-11,27.90500099999998,0.15550357142857146,0.019607142857142854,0.8837857142857143,0.09660714285714286
321,2014-12-12,27.432501,0.4215,0.0,0.823,0.177
322,2014-12-13,27.245001,0.24422500000000003,0.0,0.90075,0.09925
323,2014-12-14,27.245001,0.10515000000000001,0.0,0.9505,0.049499999999999995
324,2014-12-15,27.057500999999995,0.21875238095238098,0.03476190476190476,0.8338095238095237,0.13142857142857145
325,2014-12-16,26.6875,0.13555769230769232,0.0361923076923077,0.8740384615384615,0.08976923076923077
326,2014-12-17,27.352500999999986,0.018396874999999993,0.049312499999999995,0.8902500000000001,0.060437500000000005
327,2014-12-18,28.162500000000016,0.17169062500000004,0.01884375,0.875375,0.10578125000000001
328,2014-12-19,27.944999999999997,0.2840416666666667,0.06983333333333334,0.746,0.18425
329,2014-12-21,28.0900005,0.05923333333333334,0.024999999999999998,0.9276666666666666,0.04733333333333334
330,2014-12-22,28.235001000000008,0.0695153846153846,0.027153846153846153,0.9257692307692308,0.04707692307692308
331,2014-12-23,28.134999999999994,0.060369230769230765,0.016846153846153848,0.9446923076923076,0.038538461538461535
332,2014-12-24,28.002501,0.244,0.019166666666666665,0.85025,0.13058333333333336
333,2014-12-25,28.25,0.08266,0.05800000000000001,0.8527999999999999,0.08940000000000001
334,2014-12-26,28.497499,0.27871666666666667,0.010333333333333333,0.8821666666666667,0.10733333333333334
335,2014-12-27,28.487500000000004,0.10775714285714286,0.033,0.8772857142857143,0.08957142857142857
336,2014-12-28,28.487500000000004,0.2617666666666667,0.0,0.8894444444444445,0.11055555555555556
337,2014-12-29,28.477501000000007,0.23661333333333331,0.0,0.8826,0.1174
338,2014-12-30,28.129999000000005,0.1177619047619048,0.024047619047619047,0.9050000000000001,0.07095238095238095
339,2014-12-31,27.594999000000005,0.34298571428571434,0.028642857142857144,0.8111428571428572,0.1602142857142857
340,2015-01-01,27.463749500000002,0.20348571428571427,0.018857142857142857,0.8502857142857143,0.13085714285714284
341,2015-01-02,27.332499999999992,0.04200869565217392,0.04917391304347826,0.9052173913043479,0.04560869565217391
342,2015-01-03,26.9475,0.23253333333333334,0.049666666666666665,0.8233333333333333,0.127
343,2015-01-04,26.9475,0.15022000000000002,0.0314,0.8804000000000001,0.0882
344,2015-01-05,26.5625,0.08624285714285713,0.04861904761904762,0.8750476190476191,0.07633333333333334
345,2015-01-06,26.565001000000006,0.12596363636363636,0.03209090909090909,0.8868181818181817,0.08109090909090909
346,2015-01-07,26.9375,0.05903809523809525,0.031142857142857146,0.9093809523809523,0.059476190476190474
347,2015-01-08,27.972500000000007,0.20714761904761902,0.020190476190476186,0.8781904761904762,0.10161904761904761
348,2015-01-09,28.00250100000001,0.05255000000000001,0.06237499999999999,0.8775833333333333,0.060125000000000005
349,2015-01-10,27.657500500000005,0.1865909090909091,0.038363636363636364,0.8587272727272729,0.10290909090909092
350,2015-01-11,27.6575005,0.0,0.0,1.0,0.0
351,2015-01-12,27.3125,0.06705,0.010100000000000001,0.9389,0.051000000000000004
352,2015-01-13,27.554999999999986,0.17435517241379314,0.03772413793103448,0.8310689655172415,0.13124137931034485
353,2015-01-14,27.45000099999999,0.1460857142857143,0.0465,0.8387142857142857,0.11485714285714287
354,2015-01-15,26.704999999999988,0.027253846153846163,0.0926153846153846,0.7944615384615384,0.11292307692307693
355,2015-01-16,26.497498999999998,-0.04630000000000002,0.06938095238095238,0.8987142857142858,0.03190476190476191
356,2015-01-17,26.838749500000002,0.14025,0.0,0.9391666666666666,0.06083333333333333
357,2015-01-18,26.8387495,0.202275,0.0,0.872,0.128
358,2015-01-19,26.838749500000002,0.09545,0.02225,0.92,0.057749999999999996
359,2015-01-20,27.180000000000003,0.04789444444444444,0.013388888888888888,0.9449444444444445,0.041666666666666664
360,2015-01-21,27.387501,0.14286666666666667,0.0,0.911,0.08900000000000001
361,2015-01-22,28.10000000000001,0.10195333333333333,0.04513333333333334,0.9037333333333332,0.051133333333333336
362,2015-01-23,28.245001,0.10934666666666668,0.024533333333333338,0.9183,0.05716666666666667
363,2015-01-24,28.2600005,0.21724000000000002,0.03,0.8656,0.1044
364,2015-01-25,28.260000499999997,0.25407142857142856,0.05342857142857143,0.8024285714285713,0.14414285714285713
365,2015-01-26,28.274999999999988,0.13797391304347825,0.021130434782608697,0.9072173913043479,0.07169565217391305
366,2015-01-27,27.284999999999986,0.09216504854368933,0.03821359223300971,0.8857378640776703,0.07603883495145629
367,2015-01-28,28.827498999999992,0.1547536082474227,0.02975257731958763,0.8857731958762887,0.0844432989690722
368,2015-01-29,29.725000000000016,0.1482066666666667,0.03326666666666667,0.8693333333333332,0.09743333333333333
369,2015-01-30,29.290000999999993,0.22131666666666672,0.042916666666666665,0.8084166666666666,0.148625
370,2015-01-31,29.473750000000003,0.3159,0.0,0.874,0.126
371,2015-02-01,29.47375,0.18310666666666667,0.041466666666666666,0.8452000000000001,0.11333333333333331
372,2015-02-02,29.657499000000023,0.13348076923076924,0.02796153846153846,0.8847692307692309,0.08726923076923078
373,2015-02-03,29.662500000000012,0.08909000000000002,0.045799999999999993,0.8719000000000001,0.08230000000000001
374,2015-02-04,29.889998999999992,0.13341481481481482,0.03448148148148148,0.8638518518518516,0.10166666666666667
375,2015-02-05,29.985001000000008,0.04744800000000002,0.04035999999999999,0.9103999999999999,0.049240000000000006
376,2015-02-06,29.732500000000005,0.251335,0.004,0.8819500000000001,0.11404999999999998
377,2015-02-07,29.831250000000004,0.179625,0.03125,0.86625,0.10250000000000001
378,2015-02-08,29.831250000000004,0.28218750000000004,0.0,0.889875,0.110125
379,2015-02-09,29.929999999999996,0.18825499999999998,0.024,0.88045,0.09555
380,2015-02-10,30.504999,0.15009433962264151,0.01766037735849057,0.8880754716981132,0.09422641509433966
381,2015-02-11,31.21999899999998,0.09614999999999999,0.04186538461538462,0.8651538461538462,0.09298076923076923
382,2015-02-12,31.615000000000002,0.1616871794871795,0.020307692307692304,0.8863846153846154,0.09330769230769231
383,2015-02-13,31.76999999999999,0.20909189189189192,0.023189189189189188,0.866189189189189,0.11064864864864864
384,2015-02-14,31.863749999999996,0.11831666666666668,0.017333333333333333,0.9059444444444443,0.07666666666666666
385,2015-02-15,31.863749999999996,0.0553764705882353,0.00823529411764706,0.9623529411764705,0.029470588235294116
386,2015-02-16,31.863749999999992,0.009000000000000001,0.0299375,0.9349375,0.035125
387,2015-02-17,31.95749999999999,0.08399393939393938,0.00893939393939394,0.9501818181818181,0.04090909090909091
388,2015-02-18,32.18,0.20594374999999998,0.0050625,0.9128749999999999,0.0820625
389,2015-02-19,32.11249899999999,0.07480454545454546,0.018272727272727274,0.9292727272727273,0.05245454545454546
390,2015-02-20,32.375,0.08208947368421052,0.011736842105263157,0.9384210526315788,0.04978947368421052
391,2015-02-21,32.8125,0.15384166666666665,0.022333333333333334,0.8935833333333331,0.08408333333333333
392,2015-02-22,32.8125,0.14443,0.0079,0.9340999999999999,0.05800000000000001
393,2015-02-23,33.25,0.10094634146341463,0.02641463414634147,0.9145365853658537,0.05904878048780488
394,2015-02-24,33.04250000000001,0.023312903225806446,0.05141935483870968,0.903225806451613,0.045354838709677416
395,2015-02-25,32.197498,0.07761290322580644,0.05287096774193549,0.8658387096774196,0.08129032258064518
396,2015-02-26,32.60500000000001,0.12095483870967742,0.031193548387096776,0.8902580645161292,0.0785483870967742
397,2015-02-27,32.115002000000004,0.04141538461538462,0.048269230769230766,0.8872307692307693,0.0645
398,2015-02-28,32.19375050000001,0.12254285714285716,0.04121428571428571,0.8532857142857144,0.1055
399,2015-03-01,32.19375050000001,0.1089,0.055700000000000006,0.8413,0.10310000000000001
400,2015-03-02,32.272499,0.23708648648648648,0.008567567567567567,0.8634324324324324,0.12799999999999997
401,2015-03-03,32.340000000000025,0.11622000000000003,0.033120000000000004,0.8769600000000003,0.08996000000000003
402,2015-03-04,32.134998,0.17857307692307692,0.016884615384615383,0.8830384615384614,0.10007692307692309
403,2015-03-05,31.602500999999997,0.10265909090909092,0.020863636363636362,0.9121818181818182,0.06695454545454545
404,2015-03-06,31.65000000000004,0.0688,0.032973333333333334,0.9020533333333335,0.06498666666666665
405,2015-03-07,31.717499999999994,0.2093909090909091,0.04236363636363637,0.8315454545454546,0.1260909090909091
406,2015-03-09,31.785000000000036,0.08052096774193547,0.040451612903225805,0.8903064516129032,0.06920967741935485
407,2015-03-10,31.12750099999998,0.03944126984126984,0.04866666666666667,0.8804444444444443,0.07085714285714287
408,2015-03-11,30.559998999999987,0.24939230769230766,0.021641025641025644,0.8272820512820513,0.15110256410256412
409,2015-03-12,31.112498999999993,0.11582307692307693,0.045961538461538456,0.8523846153846155,0.10165384615384618
410,2015-03-13,30.89749900000001,0.3578407407407408,0.0,0.825777777777778,0.17422222222222225
411,2015-03-14,31.067499,0.04967333333333334,0.03386666666666667,0.8951333333333333,0.071
412,2015-03-15,31.067499,0.0005562499999999873,0.029187499999999998,0.945,0.025812500000000002
413,2015-03-16,31.237499,0.1836363636363636,0.03531818181818182,0.8254545454545454,0.13927272727272727
414,2015-03-17,31.759999999999998,0.03279428571428572,0.031914285714285714,0.9215428571428573,0.04651428571428571
415,2015-03-18,32.11749999999998,0.12647037037037037,0.05348148148148148,0.855777777777778,0.09074074074074075
416,2015-03-19,31.875,0.1703709677419355,0.021580645161290324,0.8766774193548388,0.10174193548387096
417,2015-03-20,31.475000000000005,0.14569714285714286,0.021342857142857143,0.8861142857142856,0.09254285714285712
418,2015-03-21,31.63875,0.20469047619047623,0.007952380952380952,0.8626190476190477,0.1294285714285714
419,2015-03-22,31.638750000000012,0.20615714285714287,0.02564285714285714,0.8415714285714285,0.13278571428571426
420,2015-03-23,31.802500000000002,0.1552058823529412,0.02458823529411765,0.8973529411764707,0.07805882352941176
421,2015-03-24,31.672501000000008,0.14328181818181818,0.034727272727272725,0.8766818181818181,0.08859090909090908
422,2015-03-25,30.84499900000002,0.20566521739130433,0.01952173913043478,0.8756521739130435,0.10482608695652174
423,2015-03-26,31.059998999999983,0.202332,0.0272,0.8361200000000001,0.13663999999999998
424,2015-03-27,30.8125,0.13564375,0.060500000000000005,0.8259375,0.1135625
425,2015-03-28,31.202500500000003,0.2519791666666667,0.033416666666666664,0.8013333333333335,0.16525
426,2015-03-29,31.202500499999992,0.29405000000000003,0.016,0.8402222222222222,0.14377777777777778
427,2015-03-30,31.592500999999995,0.2050615384615385,0.022076923076923077,0.859153846153846,0.11882051282051283
428,2015-03-31,31.10749999999999,0.0026925925925926,0.045481481481481484,0.9118518518518516,0.042666666666666665
429,2015-04-01,31.0625,-0.007679999999999999,0.06486666666666667,0.8623999999999999,0.07275555555555555
430,2015-04-02,31.330000000000002,-0.08090277777777775,0.06894444444444443,0.8934444444444443,0.037611111111111116
431,2015-04-03,31.583750000000002,-0.1428487179487179,0.09084615384615384,0.8713589743589742,0.037794871794871794
432,2015-04-04,31.583750000000006,-0.1569306451612903,0.07996774193548387,0.8994032258064516,0.02062903225806452
433,2015-04-05,31.583750000000006,0.016693442622950826,0.04301639344262295,0.8939180327868852,0.06306557377049181
434,2015-04-06,31.837499999999995,0.13012,0.021257142857142856,0.8916000000000001,0.08717142857142858
435,2015-04-07,31.502501000000002,0.2822833333333333,0.043722222222222225,0.8061111111111112,0.15011111111111114
436,2015-04-08,31.399999999999988,0.10982608695652171,0.033521739130434776,0.8897826086956523,0.07669565217391305
437,2015-04-09,31.639998999999992,0.2233379310344828,0.022275862068965514,0.8583448275862069,0.11934482758620688
438,2015-04-10,31.77500000000001,0.09968292682926831,0.02921951219512195,0.893560975609756,0.0771951219512195
439,2015-04-11,31.743749999999995,0.19469166666666668,0.025916666666666668,0.8512500000000002,0.12283333333333335
440,2015-04-12,31.74374999999999,0.12016000000000002,0.03873333333333333,0.8732666666666666,0.08786666666666668
441,2015-04-13,31.712499999999984,0.106646875,0.01578125,0.92753125,0.05668749999999999
442,2015-04-14,31.575000999999997,0.08595789473684211,0.02152631578947368,0.9184210526315789,0.06
443,2015-04-15,31.695000000000007,0.11770454545454546,0.018590909090909092,0.9153636363636363,0.06609090909090909
444,2015-04-16,31.542500000000008,0.11147333333333334,0.014066666666666668,0.9297333333333333,0.0562
445,2015-04-17,31.1875,0.06804545454545456,0.04981818181818181,0.8545454545454547,0.09559090909090907
446,2015-04-18,31.543749999999992,0.20760000000000003,0.011923076923076923,0.8835384615384615,0.10453846153846154
447,2015-04-19,31.543749999999996,0.029387499999999997,0.066,0.8435,0.0905
448,2015-04-20,31.899999999999988,0.11947142857142856,0.021666666666666667,0.9027619047619047,0.07557142857142857
449,2015-04-21,31.727501000000004,0.0731421052631579,0.036421052631578944,0.9203157894736842,0.04326315789473684
450,2015-04-22,32.15499899999998,0.05229230769230768,0.027730769230769232,0.9251153846153846,0.04711538461538462
451,2015-04-23,32.4175,0.152925,0.0,0.93575,0.06425
452,2015-04-24,32.57000000000001,0.07531999999999998,0.02525,0.9143999999999999,0.06035
453,2015-04-25,32.866248999999996,0.12729,0.0193,0.9079,0.0728
454,2015-04-26,32.866249,0.12819444444444444,0.011944444444444445,0.8988333333333335,0.08922222222222223
455,2015-04-27,33.16249800000004,0.15802440944881893,0.018370078740157482,0.889968503937008,0.09166929133858263
456,2015-04-28,32.639998999999996,0.11650000000000002,0.03812987012987013,0.8733246753246754,0.08854545454545454
457,2015-04-29,32.15999999999998,0.22084285714285712,0.010214285714285714,0.8197857142857143,0.16999999999999998
458,2015-04-30,31.287500000000016,0.10814999999999998,0.03890625,0.88015625,0.08096875
459,2015-05-01,32.237498999999985,0.027118750000000007,0.04334375,0.8862500000000002,0.07040625
460,2015-05-02,32.20624900000001,-0.10707058823529411,0.08505882352941177,0.8737058823529411,0.041176470588235294
461,2015-05-03,32.20624899999999,0.11452083333333335,0.026374999999999996,0.8864166666666665,0.08716666666666667
462,2015-05-04,32.174998999999985,0.03356774193548387,0.041193548387096775,0.8880000000000001,0.07080645161290323
463,2015-05-05,31.45000100000001,0.06991818181818181,0.018636363636363635,0.9367878787878788,0.04457575757575758
464,2015-05-06,31.25250100000002,0.12036060606060607,0.046363636363636364,0.8646363636363635,0.08893939393939396
465,2015-05-07,31.315001000000017,0.12870285714285717,0.04782857142857143,0.850542857142857,0.10168571428571431
466,2015-05-08,31.905000999999984,0.1759277777777778,0.0275,0.866611111111111,0.10588888888888888
467,2015-05-09,31.742500500000002,0.2675875,0.029625,0.8492500000000001,0.121125
468,2015-05-10,31.742500500000002,-0.020269230769230758,0.06907692307692308,0.8748461538461538,0.05607692307692309
469,2015-05-11,31.58000000000001,0.18641851851851854,0.013222222222222222,0.8921111111111112,0.09470370370370372
470,2015-05-12,31.467500999999977,0.11122692307692307,0.029923076923076917,0.8975384615384615,0.07250000000000001
471,2015-05-13,31.502501000000006,0.1005,0.0378,0.8795999999999999,0.08265
472,2015-05-14,32.237498999999985,0.09634333333333332,0.022500000000000003,0.9013000000000001,0.0762
473,2015-05-15,32.192501,0.05067307692307692,0.041153846153846145,0.8805000000000002,0.07834615384615384
474,2015-05-16,32.370001,0.19346875000000002,0.00775,0.9139375000000001,0.0783125
475,2015-05-17,32.370001,0.16484545454545455,0.03263636363636364,0.865409090909091,0.10200000000000001
476,2015-05-18,32.547501000000004,0.11953333333333334,0.020888888888888887,0.8924074074074073,0.08670370370370371
477,2015-05-19,32.517502,0.12514444444444442,0.012555555555555556,0.9215555555555556,0.06588888888888889
478,2015-05-20,32.514998999999996,0.018833333333333337,0.052611111111111115,0.8869444444444444,0.060444444444444446
479,2015-05-21,32.847499999999975,0.17688181818181817,0.005181818181818182,0.9079090909090908,0.0869090909090909
480,2015-05-22,33.134998,0.24099090909090917,0.02190909090909091,0.8665909090909092,0.11149999999999999
481,2015-05-23,32.76999849999999,-0.10842666666666666,0.09093333333333332,0.8926000000000001,0.016466666666666668
482,2015-05-24,32.76999849999999,0.11183333333333333,0.033777777777777775,0.875,0.09122222222222222
483,2015-05-25,32.76999849999999,0.042784615384615386,0.020923076923076926,0.9387692307692307,0.04030769230769231
484,2015-05-26,32.40499899999998,0.19496666666666662,0.04981481481481481,0.8061111111111111,0.14414814814814814
485,2015-05-27,33.009998,0.33185384615384617,0.00623076923076923,0.8333846153846154,0.16038461538461535
486,2015-05-28,32.94500000000002,0.11903225806451613,0.011903225806451612,0.9363548387096776,0.051741935483870974
487,2015-05-29,32.57,0.17020000000000002,0.0,0.9363333333333334,0.06366666666666666
488,2015-05-30,32.60249899999998,0.06781874999999998,0.0455625,0.9008750000000001,0.0535625
489,2015-05-31,32.60249899999998,0.012439999999999998,0.022066666666666665,0.9551333333333335,0.022799999999999997
490,2015-06-01,32.634998,0.10574615384615385,0.02680769230769231,0.900423076923077,0.07276923076923078
491,2015-06-02,32.490002000000004,0.04879999999999998,0.1,0.8285,0.0715
492,2015-06-03,32.52999899999999,0.08286666666666666,0.02393333333333333,0.9044666666666666,0.07159999999999998
493,2015-06-04,32.34,0.042666666666666665,0.0,0.9566666666666667,0.043333333333333335
494,2015-06-06,32.1450005,0.07229999999999999,0.016777777777777777,0.9294444444444445,0.05377777777777778
495,2015-06-07,32.1450005,0.20105555555555554,0.0,0.9157777777777777,0.08422222222222223
496,2015-06-08,31.950001000000007,0.11622285714285714,0.01694285714285714,0.8907142857142856,0.09231428571428574
497,2015-06-09,31.855000000000015,0.030286363636363643,0.043000000000000003,0.8920681818181818,0.06493181818181819
498,2015-06-10,32.22000100000002,0.09294,0.020833333333333332,0.9226333333333334,0.056499999999999995
499,2015-06-11,32.14749900000002,0.056874999999999995,0.05010714285714286,0.8736428571428572,0.07625
500,2015-06-12,31.79250000000001,0.06986333333333333,0.0282,0.9075333333333334,0.06430000000000001
501,2015-06-13,31.761250000000008,0.043973333333333336,0.032,0.9187333333333334,0.04926666666666667
502,2015-06-14,31.761250000000008,0.09174500000000002,0.011649999999999999,0.9368500000000001,0.051500000000000004
503,2015-06-15,31.730000000000008,0.1255,0.02728,0.8964399999999999,0.07624
504,2015-06-16,31.899999999999988,0.097505,0.06094999999999999,0.8411500000000001,0.0979
505,2015-06-17,31.825001,0.11777619047619045,0.01657142857142857,0.9127142857142858,0.07071428571428572
506,2015-06-18,31.96999900000002,0.11609166666666666,0.014833333333333332,0.9261666666666666,0.059000000000000004
507,2015-06-19,31.649999999999984,0.09243076923076923,0.02976923076923077,0.8788846153846155,0.09126923076923078
508,2015-06-20,31.77625,0.21334,0.0,0.9197333333333334,0.08026666666666668
509,2015-06-21,31.77625,-0.015331250000000012,0.0485625,0.9003749999999999,0.051000000000000004
510,2015-06-22,31.9025,-0.05135,0.1,0.8180000000000001,0.082
511,2015-06-24,32.027500000000025,0.053122727272727266,0.04695454545454545,0.895818181818182,0.057227272727272724
512,2015-06-25,31.875,0.07607407407407409,0.036777777777777784,0.8801851851851852,0.08303703703703703
513,2015-06-26,31.6875,0.12255,0.0,0.953,0.04699999999999999
514,2015-06-27,31.41,0.08243333333333333,0.0,0.9717777777777776,0.02822222222222222
515,2015-06-28,31.410000000000004,0.11385263157894736,0.02736842105263158,0.9030526315789474,0.06957894736842106
516,2015-06-29,31.132500000000004,0.09398,0.04895000000000001,0.8816499999999999,0.06939999999999999
517,2015-06-30,31.3575,0.3086333333333333,0.0,0.8643333333333333,0.13566666666666669
518,2015-07-01,31.649999999999988,0.299772,0.00808,0.8568000000000001,0.13512000000000002
519,2015-07-02,31.610001000000008,0.16635624999999998,0.049187499999999995,0.837875,0.11293750000000001
520,2015-07-03,31.555000500000002,-0.021731250000000004,0.0435625,0.9230624999999999,0.033375
521,2015-07-04,31.555000500000002,0.0902090909090909,0.013818181818181818,0.9407272727272726,0.045454545454545456
522,2015-07-05,31.555000500000002,0.10660909090909092,0.03063636363636363,0.877090909090909,0.09227272727272727
523,2015-07-06,31.5,0.1367227272727273,0.04513636363636364,0.8600454545454547,0.09481818181818182
524,2015-07-07,31.422501,0.04933333333333333,0.0,0.9700000000000001,0.03
525,2015-07-09,30.017500000000005,0.10260526315789471,0.055105263157894734,0.8414210526315786,0.10347368421052631
526,2015-07-10,30.820000000000018,0.08082000000000002,0.0451,0.8806999999999999,0.0742
527,2015-07-11,31.117500500000002,0.09432608695652175,0.009391304347826087,0.9370434782608695,0.053565217391304355
528,2015-07-12,31.117500500000002,0.06982857142857143,0.02107142857142857,0.9179285714285715,0.061000000000000006
529,2015-07-13,31.41500099999999,0.14448000000000003,0.03108571428571429,0.8848857142857142,0.08402857142857142
530,2015-07-14,31.40249999999999,0.05385333333333333,0.06213333333333334,0.8367333333333332,0.1012
531,2015-07-15,31.704999999999988,0.13306470588235292,0.037588235294117645,0.8711764705882353,0.09123529411764705
532,2015-07-16,32.12749899999997,0.16732647058823533,0.016647058823529414,0.8967058823529411,0.08664705882352942
533,2015-07-17,32.40499899999999,0.056061764705882346,0.02414705882352941,0.9316470588235295,0.04420588235294118
534,2015-07-18,32.7112505,0.07633333333333334,0.021599999999999998,0.9248666666666667,0.053599999999999995
535,2015-07-19,32.7112505,0.14227222222222224,0.016333333333333335,0.903,0.08066666666666668
536,2015-07-20,33.017502,0.08415128205128204,0.01594871794871795,0.9357948717948716,0.04825641025641027
537,2015-07-21,32.6875,0.09098719999999999,0.03848,0.8817200000000005,0.079808
538,2015-07-22,31.30499999999997,0.08422608695652174,0.029847826086956526,0.9052608695652175,0.06491304347826085
539,2015-07-23,31.290001000000014,0.09973000000000004,0.04318,0.8813,0.0755
540,2015-07-24,31.125,0.11466538461538461,0.03915384615384616,0.8847307692307692,0.07611538461538463
541,2015-07-25,30.9087495,0.22315999999999997,0.0056,0.88455,0.10985
542,2015-07-26,30.9087495,0.227175,0.041,0.8251666666666666,0.13383333333333333
543,2015-07-27,30.692499,0.09658125000000001,0.0163125,0.9248750000000001,0.0588125
544,2015-07-28,30.844999,0.19032000000000002,0.0,0.9186,0.0814
545,2015-07-29,30.747498999999994,0.09301052631578947,0.0,0.9491052631578948,0.05089473684210526
546,2015-07-30,30.592500999999984,0.1532138888888889,0.014638888888888887,0.9066388888888888,0.07869444444444446
547,2015-07-31,30.325000999999993,0.157,0.009000000000000001,0.9353333333333332,0.05566666666666667
548,2015-08-01,29.967500999999988,0.025808333333333332,0.009833333333333333,0.9672499999999999,0.02291666666666667
549,2015-08-02,29.967500999999988,0.2127916666666666,0.017750000000000002,0.8734166666666668,0.10883333333333334
550,2015-08-03,29.610001000000008,0.01606222222222223,0.05317777777777778,0.8881111111111112,0.05871111111111111
551,2015-08-04,28.66,-0.0657375,0.051375000000000004,0.93025,0.018375
552,2015-08-05,28.849999999999994,0.1285466666666667,0.05117777777777777,0.8390444444444444,0.10977777777777778
553,2015-08-06,28.782499000000023,0.07689259259259258,0.046703703703703706,0.8879629629629627,0.0652962962962963
554,2015-08-07,28.879999,0.1123714285714286,0.03339285714285715,0.8925357142857143,0.07407142857142857
555,2015-08-08,29.40499949999999,0.30795000000000006,0.0,0.8939166666666667,0.10608333333333332
556,2015-08-09,29.4049995,0.12765,0.0,0.9592499999999999,0.04075
557,2015-08-10,29.929999999999982,0.23042222222222222,0.03503703703703704,0.8285185185185185,0.13648148148148145
558,2015-08-11,28.372498999999976,0.042555882352941186,0.0458235294117647,0.8999411764705882,0.05423529411764706
559,2015-08-12,28.809998999999998,0.148114,0.02368,0.8876799999999999,0.08866
560,2015-08-13,28.787500000000016,0.06284411764705883,0.04305882352941176,0.8862941176470588,0.0706470588235294
561,2015-08-16,29.0387505,0.0,0.0,1.0,0.0
562,2015-08-17,29.290000999999997,0.1280727272727273,0.03859090909090909,0.8733181818181819,0.0880909090909091
563,2015-08-18,29.125,0.12292105263157896,0.014526315789473686,0.911736842105263,0.07373684210526316
564,2015-08-19,28.752501000000013,0.050329166666666675,0.043625000000000004,0.8852083333333334,0.07116666666666666
565,2015-08-20,28.162500000000016,0.08453333333333335,0.038814814814814816,0.8887037037037038,0.07248148148148148
566,2015-08-21,26.440001000000024,-0.012794444444444433,0.0811111111111111,0.8406666666666666,0.07822222222222222
567,2015-08-22,26.110001000000008,0.09733333333333334,0.025416666666666667,0.8861666666666667,0.08841666666666666
568,2015-08-23,26.110001000000008,0.03804285714285715,0.06592857142857143,0.8545714285714286,0.0795
569,2015-08-24,25.780001000000016,0.08096451612903227,0.0477741935483871,0.862225806451613,0.0899677419354839
570,2015-08-25,25.934998999999987,0.006180434782608698,0.06365217391304348,0.8718043478260872,0.06452173913043478
571,2015-08-26,27.422501000000008,0.07424,0.04016,0.89492,0.06492
572,2015-08-27,28.23000000000001,0.1033923076923077,0.031128205128205126,0.8923333333333332,0.07656410256410255
573,2015-08-28,28.3225,0.36400000000000005,0.0,0.8019999999999999,0.19799999999999998
574,2015-08-29,28.256250500000007,-0.022733333333333338,0.04159999999999999,0.9371333333333335,0.021266666666666666
575,2015-08-30,28.256250499999997,0.0796875,0.0,0.9644999999999999,0.035500000000000004
576,2015-08-31,28.190001,0.09512105263157894,0.014947368421052633,0.9213684210526314,0.06368421052631579
577,2015-09-01,26.930000000000003,0.18141176470588238,0.007764705882352942,0.8992352941176471,0.093
578,2015-09-02,28.084999000000007,0.22763846153846157,0.027346153846153846,0.8710000000000002,0.10157692307692308
579,2015-09-03,27.592501,0.28853333333333336,0.0,0.8936666666666667,0.10633333333333334
580,2015-09-04,27.317499,-0.16850434782608695,0.09769565217391306,0.853304347826087,0.048869565217391296
581,2015-09-05,27.697499,0.12743684210526315,0.016105263157894737,0.9151052631578948,0.06878947368421053
582,2015-09-06,27.697498999999997,0.14588125,0.008875,0.9205625000000001,0.0705625
583,2015-09-07,27.697498999999997,0.10653888888888889,0.010388888888888888,0.9287777777777776,0.060888888888888895
584,2015-09-08,28.077498999999996,0.10033333333333336,0.02007692307692308,0.9103333333333333,0.0695897435897436
585,2015-09-09,27.537499999999945,0.07439459459459459,0.030972972972972974,0.9065765765765764,0.06244144144144145
586,2015-09-10,28.142499999999988,0.12903461538461541,0.023999999999999997,0.8965961538461541,0.07940384615384614
587,2015-09-11,28.552500000000006,0.10387307692307693,0.02869230769230769,0.9023846153846153,0.06892307692307693
588,2015-09-12,28.6899995,0.16490000000000002,0.011785714285714287,0.9184285714285715,0.06978571428571428
589,2015-09-13,28.6899995,0.23225,0.02011111111111111,0.8596666666666667,0.12022222222222223
590,2015-09-14,28.827498999999996,0.14263421052631584,0.020236842105263154,0.8895000000000001,0.09023684210526317
591,2015-09-15,29.070000000000007,0.14465238095238095,0.017047619047619048,0.9062857142857143,0.07671428571428572
592,2015-09-16,29.102501000000007,0.19439333333333333,0.0142,0.8798666666666666,0.10593333333333335
593,2015-09-19,28.95250049999999,0.13434285714285715,0.01742857142857143,0.9005714285714285,0.08192857142857143
594,2015-09-20,28.95250049999999,0.044700000000000004,0.04281818181818182,0.8968181818181816,0.060363636363636355
595,2015-09-21,28.802500000000006,0.025244897959183665,0.04763265306122448,0.8951428571428571,0.057224489795918355
596,2015-09-22,28.350000000000005,0.05360487804878049,0.04290243902439025,0.8830975609756097,0.07402439024390245
597,2015-09-23,28.580000000000013,0.06078437500000002,0.0504375,0.8692500000000001,0.08028125
598,2015-09-24,28.75,0.14875806451612902,0.034451612903225806,0.8805483870967742,0.085
599,2015-09-25,28.677500000000006,0.07018409090909092,0.03240909090909091,0.9049545454545455,0.06263636363636363
600,2015-09-26,28.393750500000007,0.14140769230769232,0.012846153846153847,0.9149999999999999,0.07215384615384615
601,2015-09-27,28.393750500000007,0.005657142857142861,0.03949999999999999,0.916607142857143,0.04392857142857143
602,2015-09-28,28.110001000000004,0.1711026315789474,0.02618421052631579,0.8712894736842104,0.10257894736842105
603,2015-09-29,27.264998999999996,0.07609743589743588,0.02558974358974359,0.9224871794871794,0.05192307692307693
604,2015-09-30,27.575001000000015,-0.04196486486486486,0.05383783783783785,0.911918918918919,0.03424324324324324
605,2015-10-01,27.39499999999999,0.08405000000000001,0.04853333333333333,0.8568,0.09463333333333333
606,2015-10-02,27.594999000000016,0.13891481481481482,0.016888888888888887,0.9063333333333333,0.07677777777777778
607,2015-10-03,27.644999499999997,0.10143999999999999,0.021266666666666666,0.9030666666666668,0.07559999999999999
608,2015-10-04,27.6449995,0.0,0.0,1.0,0.0
609,2015-10-05,27.695000000000014,0.06482333333333333,0.04403333333333334,0.8859999999999998,0.06996666666666668
610,2015-10-06,27.827498999999992,0.10520857142857142,0.026285714285714287,0.9059142857142857,0.0678
611,2015-10-07,27.69500000000002,0.0314027027027027,0.021567567567567565,0.9365405405405404,0.04186486486486486
612,2015-10-08,27.375,0.00322647058823529,0.05235294117647058,0.9023235294117647,0.045294117647058825
613,2015-10-09,28.030000999999988,0.08617,0.04025,0.8821000000000001,0.07765
614,2015-10-10,27.965000499999995,0.13442727272727273,0.027636363636363636,0.8896363636363636,0.08272727272727272
615,2015-10-11,27.96500049999999,0.20134285714285718,0.04599999999999999,0.8449285714285714,0.10907142857142857
616,2015-10-12,27.899999999999988,0.017142105263157893,0.024210526315789474,0.9306842105263158,0.04510526315789474
617,2015-10-13,27.947499999999994,0.08726071428571427,0.026642857142857142,0.9113214285714285,0.06207142857142857
618,2015-10-14,27.552500000000006,0.08127000000000001,0.052933333333333325,0.8560000000000001,0.09106666666666666
619,2015-10-15,27.96500000000001,0.0870054054054054,0.023135135135135137,0.9168648648648648,0.060054054054054055
620,2015-10-16,27.759999999999994,0.015958823529411765,0.03123529411764706,0.9411764705882353,0.02758823529411765
621,2015-10-17,27.8462505,0.16836153846153848,0.0,0.9293846153846155,0.07061538461538462
622,2015-10-18,27.8462505,0.15785624999999998,0.03375,0.8644375,0.1018125
623,2015-10-19,27.932500999999995,-0.00018500000000000184,0.07675,0.85165,0.07165000000000002
624,2015-10-20,28.442499,0.11806470588235293,0.024117647058823532,0.8972058823529411,0.0786764705882353
625,2015-10-21,28.44000100000002,0.05799677419354839,0.025483870967741937,0.9216129032258065,0.05290322580645162
626,2015-10-22,28.875,0.1811,0.011318181818181818,0.9027272727272728,0.08595454545454545
627,2015-10-23,29.769999999999992,0.14363333333333334,0.027904761904761908,0.8749999999999998,0.0970952380952381
628,2015-10-24,29.29500000000001,0.016440000000000003,0.0449,0.9122,0.0429
629,2015-10-25,29.295000000000012,0.10589090909090909,0.03309090909090909,0.8920000000000001,0.07490909090909091
630,2015-10-26,28.82000000000001,0.05382380952380954,0.03802380952380952,0.8995952380952381,0.06240476190476191
631,2015-10-27,28.637500999999983,0.06019473684210526,0.045802631578947366,0.8793289473684209,0.07486842105263158
632,2015-10-28,29.817499,0.1458,0.03135384615384615,0.8658461538461537,0.10278461538461542
633,2015-10-29,30.1325,0.11818888888888891,0.0254,0.8981333333333335,0.07646666666666667
634,2015-10-30,29.875,0.20042037037037033,0.006277777777777777,0.9035925925925926,0.09014814814814814
635,2015-10-31,30.085,0.1991954545454546,0.006045454545454546,0.9037272727272728,0.09022727272727273
636,2015-11-01,30.085000000000004,0.16192499999999999,0.0,0.9155,0.08449999999999999
637,2015-11-02,30.295,0.09897619047619048,0.03314285714285714,0.9044285714285716,0.06242857142857144
638,2015-11-03,30.642500000000002,0.008104166666666662,0.02775,0.9368333333333334,0.035416666666666666
639,2015-11-04,30.5,0.09628947368421052,0.02873684210526316,0.9040000000000001,0.06726315789473684
640,2015-11-05,30.23000000000001,0.18840909090909094,0.023818181818181815,0.8767878787878789,0.09942424242424244
641,2015-11-06,30.264998999999996,0.12006315789473684,0.026789473684210526,0.8987894736842105,0.07442105263157896
642,2015-11-07,30.20374950000001,0.0035833333333333364,0.013416666666666667,0.9780833333333333,0.008499999999999999
643,2015-11-08,30.203749500000004,0.06413157894736841,0.010947368421052631,0.9587894736842106,0.03026315789473684
644,2015-11-09,30.142500000000002,-0.008017391304347827,0.05417391304347826,0.8951739130434782,0.05065217391304348
645,2015-11-10,29.192499,0.07445185185185184,0.03318518518518518,0.898111111111111,0.06866666666666667
646,2015-11-11,29.027500000000007,0.14473666666666665,0.0422,0.8643000000000001,0.09349999999999999
647,2015-11-12,28.929999999999982,0.04642857142857142,0.028071428571428574,0.9307857142857143,0.04114285714285714
648,2015-11-13,28.084999000000014,-0.02534000000000001,0.09079999999999999,0.8549666666666667,0.05423333333333334
649,2015-11-14,28.3149995,0.25206249999999997,0.02,0.87,0.11012500000000001
650,2015-11-15,28.3149995,0.11775000000000001,0.018875,0.9056249999999999,0.0755
651,2015-11-16,28.544999999999987,0.0505081081081081,0.028594594594594597,0.9038378378378379,0.06756756756756756
652,2015-11-17,28.422501000000008,0.14537333333333333,0.0336,0.8677333333333334,0.0987
653,2015-11-18,29.322499999999998,0.2037357142857143,0.012214285714285714,0.8786666666666666,0.10914285714285715
654,2015-11-19,29.695,0.09938085106382982,0.024468085106382976,0.9122978723404257,0.0632340425531915
655,2015-11-20,29.825001,0.21106904761904763,0.027428571428571427,0.8669047619047618,0.10564285714285715
656,2015-11-21,29.631250499999997,0.12403750000000001,0.028875,0.8773749999999999,0.09375
657,2015-11-22,29.631250499999997,0.05481666666666667,0.0165,0.9306666666666666,0.052833333333333336
658,2015-11-23,29.4375,0.09453142857142856,0.041142857142857134,0.8731142857142857,0.08571428571428572
659,2015-11-24,29.719999000000012,0.0772842105263158,0.036789473684210525,0.8836315789473685,0.07955263157894736
660,2015-11-25,29.507499999999997,-0.05608666666666667,0.055733333333333336,0.9235333333333333,0.020733333333333333
661,2015-11-26,29.541250499999997,0.08864,0.0167,0.915,0.0683
662,2015-11-28,29.541250499999993,0.11674545454545454,0.022818181818181817,0.8944545454545455,0.08272727272727273
663,2015-11-29,29.5412505,0.14544210526315793,0.020105263157894737,0.8982631578947369,0.08163157894736843
664,2015-11-30,29.575001,-0.032866666666666676,0.08233333333333333,0.862,0.05566666666666667
665,2015-12-01,29.334999000000007,0.10700399999999999,0.026520000000000002,0.8956399999999999,0.07783999999999998
666,2015-12-02,29.07000000000001,0.05105217391304347,0.03826086956521739,0.8956086956521739,0.06604347826086956
667,2015-12-03,28.799999000000003,0.16365000000000002,0.0349,0.8419000000000001,0.12325000000000001
668,2015-12-04,29.75750000000002,0.027312903225806446,0.038935483870967735,0.9169354838709678,0.044161290322580656
669,2015-12-05,29.66375,0.17236999999999997,0.0267,0.8555999999999999,0.11780000000000002
670,2015-12-06,29.663750000000004,0.1487736842105263,0.024736842105263158,0.873578947368421,0.10168421052631578
671,2015-12-07,29.569999999999997,-0.23026666666666665,0.07966666666666666,0.9203333333333333,0.0
672,2015-12-08,29.557501,0.06640625,0.01325,0.9451250000000001,0.041687499999999995
673,2015-12-09,28.905000999999977,0.06947307692307693,0.02096153846153846,0.9137307692307692,0.06526923076923076
674,2015-12-10,29.04250000000001,0.17153214285714286,0.01992857142857143,0.9000357142857143,0.08010714285714286
675,2015-12-11,28.294999999999995,0.0891448275862069,0.016172413793103448,0.9279310344827586,0.05589655172413793
676,2015-12-12,28.2075005,0.1885285714285714,0.0,0.9073571428571429,0.09264285714285715
677,2015-12-13,28.207500500000002,0.10469090909090911,0.022545454545454546,0.888909090909091,0.08854545454545455
678,2015-12-14,28.120001,0.10453846153846154,0.01957692307692308,0.9177692307692309,0.0626153846153846
679,2015-12-15,27.622499,0.16074,0.0178,0.9037333333333334,0.0784
680,2015-12-17,27.245001,0.0,0.0,1.0,0.0
681,2015-12-19,27.038750499999995,-0.01208571428571428,0.02542857142857143,0.9431428571428572,0.03142857142857143
682,2015-12-20,27.0387505,0.21141000000000001,0.0,0.9142999999999999,0.0857
683,2015-12-21,26.83249999999999,0.1968821428571428,0.02742857142857143,0.8548214285714285,0.11775000000000001
684,2015-12-22,26.807501,0.05228333333333332,0.026099999999999998,0.9272666666666666,0.046633333333333325
685,2015-12-23,27.152500000000007,0.09479333333333333,0.0411,0.8859333333333332,0.07296666666666667
686,2015-12-24,27.007499999999997,0.1370263157894737,0.06115789473684211,0.8160526315789474,0.1228421052631579
687,2015-12-25,26.856249999999996,0.4690375,0.012125,0.78075,0.20725
688,2015-12-26,26.856249999999992,0.1460714285714286,0.02042857142857143,0.8842857142857142,0.09521428571428571
689,2015-12-27,26.856249999999992,0.22387142857142855,0.008714285714285714,0.8776428571428573,0.11364285714285716
690,2015-12-28,26.705,0.123328,0.00888,0.93852,0.0526
691,2015-12-29,27.18499899999999,0.11168000000000002,0.0176,0.90628,0.07612000000000001
692,2015-12-30,26.830000000000005,0.14578,0.02636666666666667,0.8863666666666666,0.08726666666666666
693,2015-12-31,26.31500100000001,0.10327083333333335,0.025708333333333333,0.905125,0.06925
694,2016-01-01,26.32625050000001,-0.050749999999999997,0.04492857142857143,0.9312142857142857,0.023857142857142855
695,2016-01-02,26.32625050000001,0.11578947368421051,0.031105263157894737,0.879,0.08994736842105264
696,2016-01-03,26.32625050000001,0.07201250000000001,0.048625,0.8747499999999999,0.07668750000000002
697,2016-01-04,26.337499999999984,0.1223,0.02396666666666667,0.9013666666666665,0.07466666666666667
698,2016-01-05,25.677500000000002,0.05629999999999999,0.04644444444444445,0.8658888888888889,0.08755555555555555
699,2016-01-06,25.174998999999985,0.05095882352941178,0.04411764705882353,0.882794117647059,0.0730294117647059
700,2016-01-07,24.11249899999999,0.19853055555555557,0.021722222222222223,0.8667222222222223,0.11158333333333334
701,2016-01-08,24.240000000000006,0.02188,0.05205,0.8901999999999999,0.05775000000000001
702,2016-01-09,24.43625,0.15263333333333332,0.022555555555555558,0.8786666666666667,0.09877777777777778
703,2016-01-10,24.436249999999998,0.0004846153846153739,0.06030769230769231,0.8682307692307691,0.07146153846153845
704,2016-01-11,24.6325,-0.04306086956521739,0.055565217391304336,0.9005652173913044,0.0438695652173913
705,2016-01-12,24.990000000000006,0.06210416666666666,0.05691666666666665,0.8710833333333334,0.07204166666666667
706,2016-01-13,24.347500000000007,0.016933333333333342,0.03733333333333333,0.9154583333333332,0.04720833333333333
707,2016-01-14,24.879999,0.006513043478260886,0.08591304347826086,0.8489565217391304,0.0651304347826087
708,2016-01-15,24.282499000000016,0.1695727272727273,0.016545454545454544,0.8837727272727274,0.09963636363636365
709,2016-01-16,24.22375,0.08905833333333334,0.025666666666666667,0.9111666666666666,0.06316666666666666
710,2016-01-17,24.22375,0.10901111111111111,0.025,0.8778888888888888,0.0971111111111111
711,2016-01-18,24.22375,0.17255,0.01725,0.871625,0.111125
712,2016-01-19,24.165001,0.08290833333333332,0.056499999999999995,0.8450000000000001,0.09841666666666667
713,2016-01-20,24.197499999999994,0.01431379310344827,0.05441379310344828,0.8719655172413793,0.07362068965517242
714,2016-01-21,24.075000999999993,0.17604347826086958,0.02082608695652174,0.8976956521739128,0.08152173913043478
715,2016-01-22,25.35500000000001,0.06062647058823528,0.028823529411764706,0.9227647058823532,0.048411764705882356
716,2016-01-23,25.107500500000004,0.10779166666666666,0.034083333333333334,0.8714166666666667,0.09450000000000001
717,2016-01-24,25.1075005,0.01976666666666667,0.0,0.988,0.012
718,2016-01-25,24.860001000000008,0.055503125,0.054875,0.8693750000000002,0.07571875
719,2016-01-26,24.997499,0.08526,0.023,0.9193999999999999,0.05740000000000001
720,2016-01-27,23.355000000000015,0.10089999999999996,0.052921875,0.8496718750000002,0.09742187499999999
721,2016-01-28,23.522499000000003,0.05029000000000001,0.059133333333333336,0.8781,0.06276666666666667
722,2016-01-29,24.334998999999993,0.058836363636363624,0.06827272727272728,0.8440000000000001,0.08772727272727274
723,2016-01-30,24.2212495,0.13859523809523808,0.03395238095238095,0.8714285714285714,0.09461904761904762
724,2016-01-31,24.2212495,0.07869333333333335,0.03613333333333334,0.8973333333333333,0.06646666666666666
725,2016-02-01,24.10750000000001,0.11359565217391306,0.029913043478260872,0.8869130434782609,0.08313043478260869
726,2016-02-02,23.620001,0.11596842105263157,0.05789473684210527,0.8530000000000001,0.08905263157894737
727,2016-02-03,24.08749999999999,0.05855833333333332,0.029833333333333333,0.9169583333333334,0.05320833333333333
728,2016-02-04,24.14999999999999,0.06048695652173914,0.026782608695652174,0.9116521739130434,0.06156521739130434
729,2016-02-05,23.504999,0.058041176470588235,0.0708235294117647,0.8531764705882353,0.076
730,2016-02-06,23.62875,0.10834444444444444,0.029222222222222222,0.9085555555555556,0.06222222222222223
731,2016-02-07,23.62875,-0.10668750000000002,0.084875,0.8843749999999999,0.03075
732,2016-02-08,23.752501,-0.03410666666666667,0.042,0.9388666666666666,0.019133333333333332
733,2016-02-09,23.747498999999987,0.039146428571428575,0.03939285714285714,0.9043214285714285,0.05628571428571428
734,2016-02-10,23.567499,0.1311142857142857,0.012714285714285714,0.9099999999999999,0.07728571428571429
735,2016-02-11,23.424999000000007,0.13324210526315788,0.03926315789473684,0.8402631578947368,0.12047368421052633
736,2016-02-12,23.49749899999998,-0.006883783783783786,0.03981081081081081,0.917027027027027,0.04316216216216216
737,2016-02-13,23.828749500000008,0.07052666666666667,0.007533333333333334,0.9538,0.03866666666666667
738,2016-02-14,23.828749500000004,0.07854000000000001,0.0087,0.9391,0.0522
739,2016-02-15,23.828749500000008,0.048,0.064,0.8830499999999999,0.0529
740,2016-02-16,24.159999999999997,0.0682064516129032,0.04912903225806451,0.8612903225806453,0.08958064516129031
741,2016-02-17,24.53000099999998,-0.02051315789473685,0.0701842105263158,0.8701052631578946,0.05971052631578948
742,2016-02-18,24.06500100000002,-0.050084444444444466,0.0713111111111111,0.8902,0.03848888888888889
743,2016-02-19,24.009999999999994,-0.0035735849056603712,0.09509433962264148,0.8233207547169811,0.08156603773584907
744,2016-02-20,24.114999500000007,0.07101764705882353,0.07682352941176471,0.8285294117647057,0.09470588235294117
745,2016-02-21,24.114999500000007,0.12213076923076922,0.015846153846153847,0.8775384615384614,0.10661538461538463
746,2016-02-22,24.21999900000002,0.07897857142857141,0.06810714285714285,0.8403214285714286,0.09157142857142857
747,2016-02-23,23.672501000000008,-0.0050592592592592555,0.03981481481481481,0.9125185185185184,0.04762962962962963
748,2016-02-24,24.024999999999988,0.040905555555555556,0.04827777777777778,0.8842777777777777,0.06749999999999999
749,2016-02-25,24.190001000000024,-0.023744186046511646,0.05609302325581396,0.8976046511627905,0.04627906976744186
750,2016-02-26,24.227500999999986,-0.015813636363636367,0.06672727272727273,0.8883409090909091,0.04497727272727272
751,2016-02-27,24.200000999999993,-0.013999999999999993,0.06223076923076923,0.8811538461538463,0.056692307692307695
752,2016-02-28,24.200000999999993,0.04026111111111111,0.03627777777777778,0.904722222222222,0.059000000000000004
753,2016-02-29,24.172501000000008,0.13454545454545455,0.017545454545454545,0.9107272727272726,0.07172727272727272
754,2016-03-01,25.13250000000002,0.05570789473684207,0.04771052631578948,0.8731842105263156,0.07910526315789475
755,2016-03-02,25.1875,0.04817741935483871,0.06609677419354838,0.8638709677419355,0.06999999999999999
756,2016-03-03,25.375,0.11265357142857144,0.040857142857142856,0.8706428571428572,0.08846428571428573
757,2016-03-04,25.752501000000027,-0.005192307692307696,0.04264102564102564,0.9184615384615384,0.0388974358974359
758,2016-03-05,25.610001000000008,-0.07791818181818182,0.05918181818181818,0.9291818181818182,0.011636363636363637
759,2016-03-06,25.610001000000008,0.2725230769230769,0.00823076923076923,0.8819230769230768,0.10976923076923077
760,2016-03-07,25.46750099999998,-0.13751666666666665,0.10016666666666667,0.8591666666666665,0.04073333333333333
761,2016-03-08,25.257500000000018,0.10060571428571428,0.04568571428571429,0.8743714285714286,0.08
762,2016-03-09,25.280000999999984,0.02016818181818182,0.08145454545454546,0.835409090909091,0.08313636363636365
763,2016-03-10,25.29250000000001,0.13537857142857146,0.03642857142857143,0.8600357142857146,0.10350000000000001
764,2016-03-11,25.565001,-0.15497999999999998,0.06160000000000001,0.8936499999999998,0.04475
765,2016-03-12,25.855000500000003,-0.148,0.0705,0.8815,0.0475
766,2016-03-15,26.144999999999992,0.0932263157894737,0.044894736842105265,0.844736842105263,0.11036842105263157
767,2016-03-16,26.49249999999998,0.1652027027027027,0.030216216216216212,0.8716486486486485,0.09813513513513515
768,2016-03-17,26.45000100000001,0.004118181818181807,0.04669696969696971,0.9083333333333332,0.045000000000000005
769,2016-03-18,26.48000000000001,0.10866451612903225,0.007064516129032258,0.9372258064516131,0.055709677419354835
770,2016-03-19,26.478750499999993,0.09179090909090909,0.012909090909090908,0.9305454545454546,0.056545454545454545
771,2016-03-20,26.478750499999993,-0.06860833333333334,0.04,0.9504166666666666,0.009583333333333334
772,2016-03-21,26.477501000000014,0.04739464285714285,0.04048214285714286,0.8920892857142857,0.06742857142857142
773,2016-03-22,26.679999999999982,-0.02182424242424243,0.05978787878787879,0.8960303030303028,0.04418181818181819
774,2016-03-23,26.53249900000002,0.019006896551724134,0.03944827586206896,0.9049999999999999,0.05555172413793104
775,2016-03-24,26.41750000000001,0.01803461538461539,0.047615384615384615,0.8945384615384615,0.05780769230769231
776,2016-03-25,26.35750050000001,0.07789999999999997,0.0635,0.8586666666666667,0.07783333333333334
777,2016-03-26,26.357500500000004,0.16699999999999998,0.0448,0.8550000000000001,0.1002
778,2016-03-27,26.35750050000001,0.22783636363636361,0.0,0.9165454545454547,0.08345454545454546
779,2016-03-28,26.297501000000008,0.0588896551724138,0.05620689655172415,0.8665517241379309,0.07724137931034485
780,2016-03-29,26.919999999999984,-0.046176923076923074,0.07161538461538462,0.8764102564102564,0.05194871794871794
781,2016-03-30,27.389998999999992,0.08963214285714285,0.018464285714285714,0.915892857142857,0.06567857142857145
782,2016-03-31,27.0,0.23196500000000003,0.014050000000000002,0.87625,0.10970000000000002
